{"cameraMode":{"drawMode":0,"name":"Shaded","section":"Shading Mode"},"sceneLighting":false,"audioPlay":false,"sceneViewState":{"showFog":true,"showMaterialUpdate":false,"showSkybox":false,"showFlares":true,"showImageEffects":true,"showParticleSystems":true},"in2DMode":false,"pivot":{"x":70.3536376953125,"y":-16148.9189453125,"z":2320.706787109375},"rotation":{"x":-0.6551212668418884,"y":-0.0024409289471805097,"z":-0.0001282710290979594,"w":-0.7559027075767517},"size":16358.0634765625,"orthographic":false}