{"cameraMode":{"drawMode":0,"name":"Shaded","section":"Shading Mode"},"sceneLighting":false,"audioPlay":false,"sceneViewState":{"showFog":true,"showMaterialUpdate":false,"showSkybox":false,"showFlares":true,"showImageEffects":true,"showParticleSystems":true},"in2DMode":false,"pivot":{"x":99.25302124023438,"y":-25.43018341064453,"z":161.32276916503907},"rotation":{"x":-0.4512326717376709,"y":0.544076144695282,"z":-0.4493372142314911,"w":-0.5463879108428955},"size":95.76370239257813,"orthographic":false}