{"cameraMode":{"drawMode":0,"name":"Shaded","section":"Shading Mode"},"sceneLighting":false,"audioPlay":false,"sceneViewState":{"showFog":true,"showMaterialUpdate":false,"showSkybox":false,"showFlares":true,"showImageEffects":true,"showParticleSystems":true},"in2DMode":false,"pivot":{"x":-11.321574211120606,"y":-16.287160873413087,"z":9.593182563781739},"rotation":{"x":-0.5967439413070679,"y":-0.08854465186595917,"z":0.06454892456531525,"w":-0.7952378988265991},"size":60.7084846496582,"orthographic":false}