{"cameraMode":{"drawMode":0,"name":"Shaded","section":"Shading Mode"},"sceneLighting":false,"audioPlay":false,"sceneViewState":{"showFog":true,"showMaterialUpdate":false,"showSkybox":false,"showFlares":true,"showImageEffects":true,"showParticleSystems":true},"in2DMode":false,"pivot":{"x":143.6215362548828,"y":20.86353874206543,"z":178.87094116210938},"rotation":{"x":-0.00024225695233326405,"y":0.9996277093887329,"z":-0.027308575809001924,"w":-0.010508369654417038},"size":22.0,"orthographic":false}