{"cameraMode":{"drawMode":0,"name":"Shaded","section":"Shading Mode"},"sceneLighting":false,"audioPlay":false,"sceneViewState":{"showFog":true,"showMaterialUpdate":false,"showSkybox":false,"showFlares":true,"showImageEffects":true,"showParticleSystems":true},"in2DMode":false,"pivot":{"x":117.6611328125,"y":-179.86691284179688,"z":199.3782501220703},"rotation":{"x":-0.6630252003669739,"y":-0.0014977421378716827,"z":-0.001295803696848452,"w":-0.7489889860153198},"size":218.7136688232422,"orthographic":false}