{"cameraMode":{"drawMode":0,"name":"Shaded","section":"Shading Mode"},"sceneLighting":false,"audioPlay":false,"sceneViewState":{"showFog":true,"showMaterialUpdate":false,"showSkybox":false,"showFlares":true,"showImageEffects":true,"showParticleSystems":true},"in2DMode":false,"pivot":{"x":-3.7707550525665285,"y":52.522682189941409,"z":-51.887413024902347},"rotation":{"x":0.33765709400177,"y":0.06648766249418259,"z":-0.02414565160870552,"w":0.9387082457542419},"size":25.519973754882814,"orthographic":false}