{"cameraMode":{"drawMode":0,"name":"Shaded","section":"Shading Mode"},"sceneLighting":false,"audioPlay":false,"sceneViewState":{"showFog":true,"showMaterialUpdate":false,"showSkybox":false,"showFlares":true,"showImageEffects":true,"showParticleSystems":true},"in2DMode":false,"pivot":{"x":-5.730000019073486,"y":2.930000066757202,"z":-3.145000457763672},"rotation":{"x":-0.5927276611328125,"y":0.028829943388700486,"z":-0.02152700163424015,"w":-0.804802656173706},"size":112.00768280029297,"orthographic":false}