{"cameraMode":{"drawMode":0,"name":"Shaded","section":"Shading Mode"},"sceneLighting":false,"audioPlay":false,"sceneViewState":{"showFog":true,"showMaterialUpdate":false,"showSkybox":false,"showFlares":true,"showImageEffects":true,"showParticleSystems":true},"in2DMode":false,"pivot":{"x":1.3594350814819337,"y":2.4405405521392824,"z":-0.043113578110933307},"rotation":{"x":-0.006223804317414761,"y":-0.9859028458595276,"z":0.16297176480293275,"w":-0.03941727802157402},"size":12.483531951904297,"orthographic":false}