{"cameraMode":{"drawMode":0,"name":"Shaded","section":"Shading Mode"},"sceneLighting":false,"audioPlay":false,"sceneViewState":{"showFog":true,"showMaterialUpdate":false,"showSkybox":false,"showFlares":true,"showImageEffects":true,"showParticleSystems":true},"in2DMode":false,"pivot":{"x":-6.707289218902588,"y":-83.26947021484375,"z":63.46576690673828},"rotation":{"x":-0.38465309143066409,"y":0.012342383153736592,"z":-0.00542627926915884,"w":-0.9231374859809876},"size":196.10743713378907,"orthographic":false}