{"cameraMode":{"drawMode":0,"name":"Shaded","section":"Shading Mode"},"sceneLighting":false,"audioPlay":false,"sceneViewState":{"showFog":true,"showMaterialUpdate":false,"showSkybox":false,"showFlares":true,"showImageEffects":true,"showParticleSystems":true},"in2DMode":false,"pivot":{"x":114.93441772460938,"y":-129.49534606933595,"z":166.114013671875},"rotation":{"x":0.7426338195800781,"y":0.02247766964137554,"z":-0.021673360839486123,"w":0.6694749593734741},"size":164.8526611328125,"orthographic":false}