{"cameraMode":{"drawMode":0,"name":"Shaded","section":"Shading Mode"},"sceneLighting":false,"audioPlay":false,"sceneViewState":{"showFog":true,"showMaterialUpdate":false,"showSkybox":false,"showFlares":true,"showImageEffects":true,"showParticleSystems":true},"in2DMode":false,"pivot":{"x":-1.3167634010314942,"y":4.209159851074219,"z":-16.230920791625978},"rotation":{"x":0.46415582299232485,"y":0.5334104895591736,"z":-0.46083298325538638,"w":0.536665678024292},"size":62.64509201049805,"orthographic":false}