{"cameraMode":{"drawMode":0,"name":"Shaded","section":"Shading Mode"},"sceneLighting":false,"audioPlay":false,"sceneViewState":{"showFog":true,"showMaterialUpdate":false,"showSkybox":false,"showFlares":true,"showImageEffects":true,"showParticleSystems":true},"in2DMode":false,"pivot":{"x":19.8700008392334,"y":2.700000047683716,"z":21.969999313354493},"rotation":{"x":0.7166147828102112,"y":-0.061352282762527469,"z":0.06321404874324799,"w":0.6920565366744995},"size":40.72309112548828,"orthographic":false}