{"cameraMode":{"drawMode":0,"name":"Shaded","section":"Shading Mode"},"sceneLighting":false,"audioPlay":false,"sceneViewState":{"showFog":true,"showMaterialUpdate":false,"showSkybox":false,"showFlares":true,"showImageEffects":true,"showParticleSystems":true},"in2DMode":false,"pivot":{"x":-13.20965576171875,"y":50.674461364746097,"z":-20.153776168823243},"rotation":{"x":-0.3214079439640045,"y":-0.18351809680461884,"z":0.0615360401570797,"w":-0.9271869659423828},"size":27.139535903930665,"orthographic":false}