{"cameraMode":{"drawMode":0,"name":"Shaded","section":"Shading Mode"},"sceneLighting":false,"audioPlay":false,"sceneViewState":{"showFog":true,"showMaterialUpdate":false,"showSkybox":false,"showFlares":true,"showImageEffects":true,"showParticleSystems":true},"in2DMode":false,"pivot":{"x":116.66907501220703,"y":-6.461479187011719,"z":195.8367156982422},"rotation":{"x":-0.6132531762123108,"y":-0.016368478536605836,"z":0.012698237784206868,"w":-0.7896604537963867},"size":51.002017974853519,"orthographic":false}