{"cameraMode":{"drawMode":0,"name":"Shaded","section":"Shading Mode"},"sceneLighting":false,"audioPlay":false,"sceneViewState":{"showFog":true,"showMaterialUpdate":false,"showSkybox":false,"showFlares":true,"showImageEffects":true,"showParticleSystems":true},"in2DMode":false,"pivot":{"x":15.388548851013184,"y":7.361526012420654,"z":21.086849212646486},"rotation":{"x":-0.33623701333999636,"y":0.6448315382003784,"z":-0.3773685395717621,"w":-0.5735710859298706},"size":18.0311222076416,"orthographic":false}