{"cameraMode":{"drawMode":0,"name":"Shaded","section":"Shading Mode"},"sceneLighting":false,"audioPlay":false,"sceneViewState":{"showFog":true,"showMaterialUpdate":false,"showSkybox":false,"showFlares":true,"showImageEffects":true,"showParticleSystems":true},"in2DMode":false,"pivot":{"x":407.2808837890625,"y":-1279.631591796875,"z":-124.75350952148438},"rotation":{"x":-0.22277317941188813,"y":-0.7479454874992371,"z":0.5456884503364563,"w":-0.30532559752464297},"size":1399.6005859375,"orthographic":false}