{"cameraMode":{"drawMode":0,"name":"Shaded","section":"Shading Mode"},"sceneLighting":false,"audioPlay":false,"sceneViewState":{"showFog":true,"showMaterialUpdate":false,"showSkybox":false,"showFlares":true,"showImageEffects":true,"showParticleSystems":true},"in2DMode":false,"pivot":{"x":13.31418228149414,"y":-110.5114517211914,"z":14.680624008178711},"rotation":{"x":-0.7078817486763,"y":-0.0011311795096844435,"z":0.0010390530806034804,"w":-0.7065948843955994},"size":150.35121154785157,"orthographic":false}