{"cameraMode":{"drawMode":0,"name":"Shaded","section":"Shading Mode"},"sceneLighting":false,"audioPlay":false,"sceneViewState":{"showFog":true,"showMaterialUpdate":false,"showSkybox":false,"showFlares":true,"showImageEffects":true,"showParticleSystems":true},"in2DMode":false,"pivot":{"x":1538.6712646484375,"y":411.77606201171877,"z":215.9064178466797},"rotation":{"x":0.14612910151481629,"y":-0.06677669286727905,"z":0.012048112228512764,"w":0.9872651100158691},"size":1122.858154296875,"orthographic":false}