{"cameraMode":{"drawMode":0,"name":"Shaded","section":"Shading Mode"},"sceneLighting":false,"audioPlay":false,"sceneViewState":{"showFog":true,"showMaterialUpdate":false,"showSkybox":false,"showFlares":true,"showImageEffects":true,"showParticleSystems":true},"in2DMode":false,"pivot":{"x":-15.114174842834473,"y":-21.27495002746582,"z":-6.857624053955078},"rotation":{"x":0.39877521991729739,"y":-0.2513630986213684,"z":0.1146901398897171,"w":0.8746131658554077},"size":91.04846954345703,"orthographic":false}