{"cameraMode":{"drawMode":0,"name":"Shaded","section":"Shading Mode"},"sceneLighting":false,"audioPlay":false,"sceneViewState":{"showFog":true,"showMaterialUpdate":false,"showSkybox":false,"showFlares":true,"showImageEffects":true,"showParticleSystems":true},"in2DMode":false,"pivot":{"x":-12.621586799621582,"y":2.930000066757202,"z":-12.456429481506348},"rotation":{"x":0.5529753565788269,"y":0.2122834473848343,"z":-0.14783282577991486,"w":0.7922393679618836},"size":21.527896881103517,"orthographic":false}