{"cameraMode":{"drawMode":0,"name":"Shaded","section":"Shading Mode"},"sceneLighting":false,"audioPlay":false,"sceneViewState":{"showFog":true,"showMaterialUpdate":false,"showSkybox":false,"showFlares":true,"showImageEffects":true,"showParticleSystems":true},"in2DMode":false,"pivot":{"x":-9.429688453674317,"y":-12.547203063964844,"z":41.222896575927737},"rotation":{"x":-0.38395699858665469,"y":0.05667504668235779,"z":-0.023758459836244584,"w":-0.921475887298584},"size":169.514892578125,"orthographic":false}