{"cameraMode":{"drawMode":0,"name":"Shaded","section":"Shading Mode"},"sceneLighting":false,"audioPlay":false,"sceneViewState":{"showFog":true,"showMaterialUpdate":false,"showSkybox":false,"showFlares":true,"showImageEffects":true,"showParticleSystems":true},"in2DMode":false,"pivot":{"x":0.0,"y":0.3999999761581421,"z":0.3999999761581421},"rotation":{"x":0.005704315844923258,"y":0.9710583090782166,"z":-0.23763416707515717,"w":0.02330988459289074},"size":1.4289418458938599,"orthographic":false}